-- Seed data for all tables
-- Users table - 10 users with different types (admin, customer)

-- Insert users
INSERT INTO users (id, email, password_hash, full_name, avatar_url, phone, user_type, status, last_login_at, created_at, updated_at) VALUES
('550e8400-e29b-41d4-a716-446655440001', 'admin1@example.com', '$2b$10$example_hash_1', 'John Admin', 'https://example.com/avatar1.jpg', '+1234567890', 'admin', 'active', '2024-01-15 10:30:00', '2024-01-01 00:00:00', '2024-01-15 10:30:00'),
('550e8400-e29b-41d4-a716-446655440002', 'admin2@example.com', '$2b$10$example_hash_2', 'Sarah Admin', 'https://example.com/avatar2.jpg', '+1234567891', 'admin', 'active', '2024-01-14 14:20:00', '2024-01-02 00:00:00', '2024-01-14 14:20:00'),
('550e8400-e29b-41d4-a716-446655440003', 'customer1@example.com', '$2b$10$example_hash_3', 'Alice Customer', 'https://example.com/avatar3.jpg', '+1234567892', 'customer', 'active', '2024-01-13 09:15:00', '2024-01-03 00:00:00', '2024-01-13 09:15:00'),
('550e8400-e29b-41d4-a716-446655440004', 'customer2@example.com', '$2b$10$example_hash_4', 'Bob Customer', 'https://example.com/avatar4.jpg', '+1234567893', 'customer', 'active', '2024-01-12 16:45:00', '2024-01-04 00:00:00', '2024-01-12 16:45:00'),
('550e8400-e29b-41d4-a716-446655440005', 'customer3@example.com', '$2b$10$example_hash_5', 'Carol Customer', 'https://example.com/avatar5.jpg', '+1234567894', 'customer', 'active', '2024-01-11 11:30:00', '2024-01-05 00:00:00', '2024-01-11 11:30:00'),
('550e8400-e29b-41d4-a716-446655440006', 'customer4@example.com', '$2b$10$example_hash_6', 'David Customer', 'https://example.com/avatar6.jpg', '+1234567895', 'customer', 'active', '2024-01-10 13:20:00', '2024-01-06 00:00:00', '2024-01-10 13:20:00'),
('550e8400-e29b-41d4-a716-446655440007', 'customer5@example.com', '$2b$10$example_hash_7', 'Emma Customer', 'https://example.com/avatar7.jpg', '+1234567896', 'customer', 'active', '2024-01-09 08:45:00', '2024-01-07 00:00:00', '2024-01-09 08:45:00'),
('550e8400-e29b-41d4-a716-446655440008', 'customer6@example.com', '$2b$10$example_hash_8', 'Frank Customer', 'https://example.com/avatar8.jpg', '+1234567897', 'customer', 'active', '2024-01-08 15:10:00', '2024-01-08 00:00:00', '2024-01-08 15:10:00'),
('550e8400-e29b-41d4-a716-446655440009', 'customer7@example.com', '$2b$10$example_hash_9', 'Grace Customer', 'https://example.com/avatar9.jpg', '+1234567898', 'customer', 'active', '2024-01-07 12:25:00', '2024-01-09 00:00:00', '2024-01-07 12:25:00'),
('550e8400-e29b-41d4-a716-446655440010', 'customer8@example.com', '$2b$10$example_hash_10', 'Henry Customer', 'https://example.com/avatar10.jpg', '+1234567899', 'customer', 'active', '2024-01-06 17:40:00', '2024-01-10 00:00:00', '2024-01-06 17:40:00');

-- Customer company metadata
INSERT INTO customer_company_metadata (id, company_name, created_at, updated_at) VALUES
('6ba7b810-9dad-11d1-80b4-00c04fd430c8', 'TechCorp Solutions', '2024-01-01 00:00:00', '2024-01-01 00:00:00'),
('6ba7b811-9dad-11d1-80b4-00c04fd430c8', 'EventPro Inc', '2024-01-02 00:00:00', '2024-01-02 00:00:00'),
('6ba7b812-9dad-11d1-80b4-00c04fd430c8', 'Global Events Ltd', '2024-01-03 00:00:00', '2024-01-03 00:00:00'),
('6ba7b813-9dad-11d1-80b4-00c04fd430c8', 'MegaConventions LLC', '2024-01-04 00:00:00', '2024-01-04 00:00:00'),
('6ba7b814-9dad-11d1-80b4-00c04fd430c8', 'EventMaster Corp', '2024-01-05 00:00:00', '2024-01-05 00:00:00'),
('6ba7b815-9dad-11d1-80b4-00c04fd430c8', 'ShowTime Events', '2024-01-06 00:00:00', '2024-01-06 00:00:00'),
('6ba7b816-9dad-11d1-80b4-00c04fd430c8', 'Celebration Co', '2024-01-07 00:00:00', '2024-01-07 00:00:00'),
('6ba7b817-9dad-11d1-80b4-00c04fd430c8', 'EventHub International', '2024-01-08 00:00:00', '2024-01-08 00:00:00');

-- Customers table - entries for each customer user
INSERT INTO customers (id, user_id, customer_name, contact_email, contact_phone, company_id, company_name, location, status, total_events, created_by, created_at, updated_at) VALUES
('6ba7b818-9dad-11d1-80b4-00c04fd430c8', '550e8400-e29b-41d4-a716-446655440003', 'Alice Customer', 'customer1@example.com', '+1234567892', '6ba7b810-9dad-11d1-80b4-00c04fd430c8', 'TechCorp Solutions', '{"city": "New York", "state": "NY", "country": "USA", "address": "123 Tech Street"}', 'active', 2, '550e8400-e29b-41d4-a716-446655440001', '2024-01-03 00:00:00', '2024-01-03 00:00:00'),
('6ba7b819-9dad-11d1-80b4-00c04fd430c8', '550e8400-e29b-41d4-a716-446655440004', 'Bob Customer', 'customer2@example.com', '+1234567893', '6ba7b811-9dad-11d1-80b4-00c04fd430c8', 'EventPro Inc', '{"city": "Los Angeles", "state": "CA", "country": "USA", "address": "456 Event Avenue"}', 'active', 2, '550e8400-e29b-41d4-a716-446655440001', '2024-01-04 00:00:00', '2024-01-04 00:00:00'),
('6ba7b81a-9dad-11d1-80b4-00c04fd430c8', '550e8400-e29b-41d4-a716-446655440005', 'Carol Customer', 'customer3@example.com', '+1234567894', '6ba7b812-9dad-11d1-80b4-00c04fd430c8', 'Global Events Ltd', '{"city": "Chicago", "state": "IL", "country": "USA", "address": "789 Global Plaza"}', 'active', 2, '550e8400-e29b-41d4-a716-446655440002', '2024-01-05 00:00:00', '2024-01-05 00:00:00'),
('6ba7b81b-9dad-11d1-80b4-00c04fd430c8', '550e8400-e29b-41d4-a716-446655440006', 'David Customer', 'customer4@example.com', '+1234567895', '6ba7b813-9dad-11d1-80b4-00c04fd430c8', 'MegaConventions LLC', '{"city": "Houston", "state": "TX", "country": "USA", "address": "321 Convention Blvd"}', 'active', 2, '550e8400-e29b-41d4-a716-446655440002', '2024-01-06 00:00:00', '2024-01-06 00:00:00'),
('6ba7b81c-9dad-11d1-80b4-00c04fd430c8', '550e8400-e29b-41d4-a716-446655440007', 'Emma Customer', 'customer5@example.com', '+1234567896', '6ba7b814-9dad-11d1-80b4-00c04fd430c8', 'EventMaster Corp', '{"city": "Phoenix", "state": "AZ", "country": "USA", "address": "654 Master Drive"}', 'active', 2, '550e8400-e29b-41d4-a716-446655440001', '2024-01-07 00:00:00', '2024-01-07 00:00:00'),
('6ba7b81d-9dad-11d1-80b4-00c04fd430c8', '550e8400-e29b-41d4-a716-446655440008', 'Frank Customer', 'customer6@example.com', '+1234567897', '6ba7b815-9dad-11d1-80b4-00c04fd430c8', 'ShowTime Events', '{"city": "Philadelphia", "state": "PA", "country": "USA", "address": "987 Show Street"}', 'active', 2, '550e8400-e29b-41d4-a716-446655440001', '2024-01-08 00:00:00', '2024-01-08 00:00:00'),
('6ba7b81e-9dad-11d1-80b4-00c04fd430c8', '550e8400-e29b-41d4-a716-446655440009', 'Grace Customer', 'customer7@example.com', '+1234567898', '6ba7b816-9dad-11d1-80b4-00c04fd430c8', 'Celebration Co', '{"city": "San Antonio", "state": "TX", "country": "USA", "address": "147 Celebration Lane"}', 'active', 2, '550e8400-e29b-41d4-a716-446655440002', '2024-01-09 00:00:00', '2024-01-09 00:00:00'),
('6ba7b81f-9dad-11d1-80b4-00c04fd430c8', '550e8400-e29b-41d4-a716-446655440010', 'Henry Customer', 'customer8@example.com', '+1234567899', '6ba7b817-9dad-11d1-80b4-00c04fd430c8', 'EventHub International', '{"city": "San Diego", "state": "CA", "country": "USA", "address": "258 Hub Road"}', 'active', 2, '550e8400-e29b-41d4-a716-446655440002', '2024-01-10 00:00:00', '2024-01-10 00:00:00');

-- Events table - at least 2 events for each customer
INSERT INTO events (id, customer_id, event_name, event_type, event_description, venue_address, start_date, end_date, booking_start_date, booking_end_date, currency_type, status, logo_url, support_first_name, support_last_name, support_email, support_phone_number, support_url, event_category_type, created_at, updated_at) VALUES
-- Events for customer-001 (Alice Customer)
('6ba7b820-9dad-11d1-80b4-00c04fd430c8', '6ba7b818-9dad-11d1-80b4-00c04fd430c8', 'Tech Conference 2024', 'conference', 'Annual technology conference featuring latest innovations', '{"venue": "Convention Center", "address": "123 Tech Street, New York, NY", "city": "New York", "state": "NY", "zip": "10001"}', '2024-06-15', '2024-06-17', '2024-03-01', '2024-06-10', 'USD', 'published', 'https://example.com/logo1.jpg', 'John', 'Support', 'support1@techcorp.com', '+1234567001', 'https://support.techcorp.com', 'conference', '2024-01-03 00:00:00', '2024-01-03 00:00:00'),
('6ba7b821-9dad-11d1-80b4-00c04fd430c8', '6ba7b818-9dad-11d1-80b4-00c04fd430c8', 'AI Workshop Series', 'workshop', 'Hands-on AI and machine learning workshops', '{"venue": "Tech Hub", "address": "456 Innovation Ave, New York, NY", "city": "New York", "state": "NY", "zip": "10002"}', '2024-07-20', '2024-07-22', '2024-04-01', '2024-07-15', 'USD', 'draft', 'https://example.com/logo2.jpg', 'Jane', 'Support', 'support2@techcorp.com', '+1234567002', 'https://support.techcorp.com', 'workshop', '2024-01-03 00:00:00', '2024-01-03 00:00:00'),

-- Events for customer-002 (Bob Customer)
('6ba7b822-9dad-11d1-80b4-00c04fd430c8', '6ba7b819-9dad-11d1-80b4-00c04fd430c8', 'Music Festival 2024', 'festival', 'Three-day music festival with top artists', '{"venue": "Music Park", "address": "789 Festival Grounds, Los Angeles, CA", "city": "Los Angeles", "state": "CA", "zip": "90210"}', '2024-08-10', '2024-08-12', '2024-05-01', '2024-08-05', 'USD', 'published', 'https://example.com/logo3.jpg', 'Mike', 'Support', 'support@eventpro.com', '+1234567003', 'https://support.eventpro.com', 'entertainment', '2024-01-04 00:00:00', '2024-01-04 00:00:00'),
('6ba7b823-9dad-11d1-80b4-00c04fd430c8', '6ba7b819-9dad-11d1-80b4-00c04fd430c8', 'Corporate Gala', 'gala', 'Annual corporate celebration and awards ceremony', '{"venue": "Grand Hotel", "address": "321 Corporate Plaza, Los Angeles, CA", "city": "Los Angeles", "state": "CA", "zip": "90211"}', '2024-09-15', '2024-09-15', '2024-06-01', '2024-09-10', 'USD', 'published', 'https://example.com/logo4.jpg', 'Sarah', 'Support', 'gala@eventpro.com', '+1234567004', 'https://support.eventpro.com', 'corporate', '2024-01-04 00:00:00', '2024-01-04 00:00:00'),

-- Events for customer-003 (Carol Customer)
('6ba7b824-9dad-11d1-80b4-00c04fd430c8', '6ba7b81a-9dad-11d1-80b4-00c04fd430c8', 'Global Summit 2024', 'summit', 'International business summit for global leaders', '{"venue": "International Center", "address": "555 Global Way, Chicago, IL", "city": "Chicago", "state": "IL", "zip": "60601"}', '2024-10-05', '2024-10-07', '2024-07-01', '2024-09-30', 'USD', 'published', 'https://example.com/logo5.jpg', 'Robert', 'Support', 'summit@globalevents.com', '+1234567005', 'https://support.globalevents.com', 'business', '2024-01-05 00:00:00', '2024-01-05 00:00:00'),
('6ba7b825-9dad-11d1-80b4-00c04fd430c8', '6ba7b81a-9dad-11d1-80b4-00c04fd430c8', 'Trade Show Expo', 'exhibition', 'Annual trade show featuring industry innovations', '{"venue": "Expo Center", "address": "777 Trade Blvd, Chicago, IL", "city": "Chicago", "state": "IL", "zip": "60602"}', '2024-11-12', '2024-11-14', '2024-08-01', '2024-11-05', 'USD', 'draft', 'https://example.com/logo6.jpg', 'Lisa', 'Support', 'tradeshow@globalevents.com', '+1234567006', 'https://support.globalevents.com', 'exhibition', '2024-01-05 00:00:00', '2024-01-05 00:00:00'),

-- Events for customer-004 (David Customer)
('6ba7b826-9dad-11d1-80b4-00c04fd430c8', '6ba7b81b-9dad-11d1-80b4-00c04fd430c8', 'MegaCon 2024', 'convention', 'Comic book and pop culture convention', '{"venue": "Convention Center", "address": "999 Convention Way, Houston, TX", "city": "Houston", "state": "TX", "zip": "77001"}', '2024-12-01', '2024-12-03', '2024-09-01', '2024-11-25', 'USD', 'published', 'https://example.com/logo7.jpg', 'Chris', 'Support', 'megacon@megaconventions.com', '+1234567007', 'https://support.megaconventions.com', 'entertainment', '2024-01-06 00:00:00', '2024-01-06 00:00:00'),
('6ba7b827-9dad-11d1-80b4-00c04fd430c8', '6ba7b81b-9dad-11d1-80b4-00c04fd430c8', 'Gaming Tournament', 'tournament', 'Esports championship tournament', '{"venue": "Gaming Arena", "address": "111 Game Street, Houston, TX", "city": "Houston", "state": "TX", "zip": "77002"}', '2025-01-15', '2025-01-17', '2024-10-01', '2025-01-10', 'USD', 'draft', 'https://example.com/logo8.jpg', 'Alex', 'Support', 'gaming@megaconventions.com', '+1234567008', 'https://support.megaconventions.com', 'sports', '2024-01-06 00:00:00', '2024-01-06 00:00:00'),

-- Events for customer-005 (Emma Customer)
('6ba7b828-9dad-11d1-80b4-00c04fd430c8', '6ba7b81c-9dad-11d1-80b4-00c04fd430c8', 'Master Class Series', 'class', 'Professional development master classes', '{"venue": "Learning Center", "address": "222 Education Ave, Phoenix, AZ", "city": "Phoenix", "state": "AZ", "zip": "85001"}', '2025-02-20', '2025-02-22', '2024-11-01', '2025-02-15', 'USD', 'published', 'https://example.com/logo9.jpg', 'David', 'Support', 'classes@eventmaster.com', '+1234567009', 'https://support.eventmaster.com', 'education', '2024-01-07 00:00:00', '2024-01-07 00:00:00'),
('6ba7b829-9dad-11d1-80b4-00c04fd430c8', '6ba7b81c-9dad-11d1-80b4-00c04fd430c8', 'Leadership Retreat', 'retreat', 'Executive leadership development retreat', '{"venue": "Resort Center", "address": "333 Retreat Road, Phoenix, AZ", "city": "Phoenix", "state": "AZ", "zip": "85002"}', '2025-03-10', '2025-03-12', '2024-12-01', '2025-03-05', 'USD', 'draft', 'https://example.com/logo10.jpg', 'Maria', 'Support', 'retreat@eventmaster.com', '+1234567010', 'https://support.eventmaster.com', 'corporate', '2024-01-07 00:00:00', '2024-01-07 00:00:00'),

-- Events for customer-006 (Frank Customer)
('6ba7b82a-9dad-11d1-80b4-00c04fd430c8', '6ba7b81d-9dad-11d1-80b4-00c04fd430c8', 'ShowTime Broadway', 'show', 'Broadway musical performance', '{"venue": "Theater District", "address": "444 Broadway St, Philadelphia, PA", "city": "Philadelphia", "state": "PA", "zip": "19101"}', '2025-04-05', '2025-04-05', '2025-01-01', '2025-04-01', 'USD', 'published', 'https://example.com/logo11.jpg', 'Tom', 'Support', 'broadway@showtime.com', '+1234567011', 'https://support.showtime.com', 'entertainment', '2024-01-08 00:00:00', '2024-01-08 00:00:00'),
('6ba7b82b-9dad-11d1-80b4-00c04fd430c8', '6ba7b81d-9dad-11d1-80b4-00c04fd430c8', 'Comedy Night', 'comedy', 'Stand-up comedy showcase', '{"venue": "Comedy Club", "address": "555 Laugh Lane, Philadelphia, PA", "city": "Philadelphia", "state": "PA", "zip": "19102"}', '2025-05-15', '2025-05-15', '2025-02-01', '2025-05-10', 'USD', 'draft', 'https://example.com/logo12.jpg', 'Jerry', 'Support', 'comedy@showtime.com', '+1234567012', 'https://support.showtime.com', 'entertainment', '2024-01-08 00:00:00', '2024-01-08 00:00:00'),

-- Events for customer-007 (Grace Customer)
('6ba7b82c-9dad-11d1-80b4-00c04fd430c8', '6ba7b81e-9dad-11d1-80b4-00c04fd430c8', 'Wedding Expo', 'expo', 'Bridal and wedding planning expo', '{"venue": "Wedding Hall", "address": "666 Love Street, San Antonio, TX", "city": "San Antonio", "state": "TX", "zip": "78201"}', '2025-06-10', '2025-06-12', '2025-03-01', '2025-06-05', 'USD', 'published', 'https://example.com/logo13.jpg', 'Jennifer', 'Support', 'wedding@celebration.com', '+1234567013', 'https://support.celebration.com', 'lifestyle', '2024-01-09 00:00:00', '2024-01-09 00:00:00'),
('6ba7b82d-9dad-11d1-80b4-00c04fd430c8', '6ba7b81e-9dad-11d1-80b4-00c04fd430c8', 'Anniversary Gala', 'gala', 'Company anniversary celebration', '{"venue": "Grand Ballroom", "address": "777 Celebration Blvd, San Antonio, TX", "city": "San Antonio", "state": "TX", "zip": "78202"}', '2025-07-20', '2025-07-20', '2025-04-01', '2025-07-15', 'USD', 'draft', 'https://example.com/logo14.jpg', 'William', 'Support', 'anniversary@celebration.com', '+1234567014', 'https://support.celebration.com', 'corporate', '2024-01-09 00:00:00', '2024-01-09 00:00:00'),

-- Events for customer-008 (Henry Customer)
('6ba7b82e-9dad-11d1-80b4-00c04fd430c8', '6ba7b81f-9dad-11d1-80b4-00c04fd430c8', 'Tech Hub Conference', 'conference', 'International technology hub conference', '{"venue": "Tech Hub Center", "address": "888 Innovation Drive, San Diego, CA", "city": "San Diego", "state": "CA", "zip": "92101"}', '2025-08-15', '2025-08-17', '2025-05-01', '2025-08-10', 'USD', 'published', 'https://example.com/logo15.jpg', 'Kevin', 'Support', 'techhub@eventhub.com', '+1234567015', 'https://support.eventhub.com', 'conference', '2024-01-10 00:00:00', '2024-01-10 00:00:00'),
('6ba7b82f-9dad-11d1-80b4-00c04fd430c8', '6ba7b81f-9dad-11d1-80b4-00c04fd430c8', 'Startup Pitch Event', 'pitch', 'Startup pitch competition and networking', '{"venue": "Innovation Center", "address": "999 Startup Street, San Diego, CA", "city": "San Diego", "state": "CA", "zip": "92102"}', '2025-09-25', '2025-09-25', '2025-06-01', '2025-09-20', 'USD', 'draft', 'https://example.com/logo16.jpg', 'Rachel', 'Support', 'startup@eventhub.com', '+1234567016', 'https://support.eventhub.com', 'business', '2024-01-10 00:00:00', '2024-01-10 00:00:00');

-- Event metadata table - metadata for all events
INSERT INTO event_metadata (id, event_name, created_at, updated_at) VALUES
('7ba7b820-9dad-11d1-80b4-00c04fd430c8', 'Tech Conference 2024', '2024-01-03 00:00:00', '2024-01-03 00:00:00'),
('7ba7b821-9dad-11d1-80b4-00c04fd430c8', 'AI Workshop Series', '2024-01-03 00:00:00', '2024-01-03 00:00:00'),
('7ba7b822-9dad-11d1-80b4-00c04fd430c8', 'Music Festival 2024', '2024-01-04 00:00:00', '2024-01-04 00:00:00'),
('7ba7b823-9dad-11d1-80b4-00c04fd430c8', 'Corporate Gala', '2024-01-04 00:00:00', '2024-01-04 00:00:00'),
('7ba7b824-9dad-11d1-80b4-00c04fd430c8', 'Global Summit 2024', '2024-01-05 00:00:00', '2024-01-05 00:00:00'),
('7ba7b825-9dad-11d1-80b4-00c04fd430c8', 'Trade Show Expo', '2024-01-05 00:00:00', '2024-01-05 00:00:00'),
('7ba7b826-9dad-11d1-80b4-00c04fd430c8', 'MegaCon 2024', '2024-01-06 00:00:00', '2024-01-06 00:00:00'),
('7ba7b827-9dad-11d1-80b4-00c04fd430c8', 'Gaming Tournament', '2024-01-06 00:00:00', '2024-01-06 00:00:00'),
('7ba7b828-9dad-11d1-80b4-00c04fd430c8', 'Master Class Series', '2024-01-07 00:00:00', '2024-01-07 00:00:00'),
('7ba7b829-9dad-11d1-80b4-00c04fd430c8', 'Leadership Retreat', '2024-01-07 00:00:00', '2024-01-07 00:00:00'),
('7ba7b82a-9dad-11d1-80b4-00c04fd430c8', 'ShowTime Broadway', '2024-01-08 00:00:00', '2024-01-08 00:00:00'),
('7ba7b82b-9dad-11d1-80b4-00c04fd430c8', 'Comedy Night', '2024-01-08 00:00:00', '2024-01-08 00:00:00'),
('7ba7b82c-9dad-11d1-80b4-00c04fd430c8', 'Wedding Expo', '2024-01-09 00:00:00', '2024-01-09 00:00:00'),
('7ba7b82d-9dad-11d1-80b4-00c04fd430c8', 'Anniversary Gala', '2024-01-09 00:00:00', '2024-01-09 00:00:00'),
('7ba7b82e-9dad-11d1-80b4-00c04fd430c8', 'Tech Hub Conference', '2024-01-10 00:00:00', '2024-01-10 00:00:00'),
('7ba7b82f-9dad-11d1-80b4-00c04fd430c8', 'Startup Pitch Event', '2024-01-10 00:00:00', '2024-01-10 00:00:00');
